Irradiance,Enhanced
140,1.217452
500,1.128809
1000,1