Irradiance,Enhanced
140,1.172716
500,1.106383
1000,1