Irradiance,Enhanced
140,1.124346
500,1.044503
1000,1