Irradiance,Enhanced
140,0.977852
500,0.991141
1000,1