Irradiance,Enhanced
140,1.905882
500,1.487059
1000,1
2000,1