Irradiance,Enhanced
140,1.051744
500,1.050619
1000,1