Irradiance,Enhanced
140,1.062885
500,1.025894
1000,1